Workbook

Sheet SESS
A1: SESS | B1: Sessions | C1: Grok Sessions
A2: SESSID | B2: Session Name | C2: Session Title | D2: Session Reference
A3: ='SESS.A'!A1 -> SESS.A | B3: ='SESS.A'!B1 -> Session A | C3: ='SESS.A'!C1 -> DPM Analysis, Review | D3: ='SESS.A'!D1 -> https://grok.com/share/c2hhcmQtNQ_e4251ecb-6263-4ce7-9792-15caf434b5b0
A4: ='SESS.B'!A1 -> SESS.B | B4: ='SESS.B'!B1 -> Session B | C4: ='SESS.B'!C1 -> DPM Install Analysis, Review | D4: ='SESS.B'!D1 -> https://grok.com/share/c2hhcmQtNQ_1b0afed7-42d9-4b91-92ea-75ecea3ee269

Sheet SESS.A
A1: SESS.A | B1: Session A | C1: DPM Analysis, Review | D1: https://grok.com/share/c2hhcmQtNQ_e4251ecb-6263-4ce7-9792-15caf434b5b0
A2: ID | B2: SESSID | C2: Subsession Name | D2: Session Details | E2: Session Reference | F2: Session Account | G2: Original Date
A3: 9 | B3: =_xlfn.CONCAT($A$1, ".", $A3) -> SESS.A.9 | C3: DPM Documentation Samples | D3: Create a sample markdown document file for four different types of files to be created for DPM: API-001, API-002, API-010, API-018 | E3: https://grok.com/share/c2hhcmQtNQ_e4251ecb-6263-4ce7-9792-15caf434b5b0 | F3: recourse-coutility@outlook.com | G3: 45349
A4: 8 | B4: =_xlfn.CONCAT($A$1, ".", $A4) -> SESS.A.8 | C4: DPM Documentation Outline Concession | D4: Describe why original table for /document/api was not exhaustive, despite multiple clarifications. | E4: https://grok.com/share/c2hhcmQtNQ_b61623b8-4944-48ab-8a91-9768dfd8f2eb | F4: recourse-coutility@outlook.com | G4: 45349
A5: 8 | B5: =_xlfn.CONCAT($A$1, ".", $A5) -> SESS.A.8 | C5: DPM Documentation Outline Clarification #4 | D5: The foldersystem should mirror the development folder system and all classes/methods should have complementary document files. Recreate the entire table. Reference the attached screenshot. Omit the coutil folder entirely, omit the core folder. | E5: https://grok.com/share/c2hhcmQtNQ_66c30d41-cb9f-4b5c-941f-28aa57dccf5f | F5: recourse-coutility@outlook.com | G5: 45349
A6: 7 | B6: =_xlfn.CONCAT($A$1, ".", $A6) -> SESS.A.7 | C6: DPM Documentation Outline Clarification #3 | D6: Continue to add rows for further documentation. For example there are further subfolders for sockets - this includes important message adapter. | E6: https://grok.com/share/c2hhcmQtNQ_6a25e2c5-4171-483d-bf5a-40d3fc23265e | F6: recourse-coutility@outlook.com | G6: 45349
A7: 6 | B7: =_xlfn.CONCAT($A$1, ".", $A7) -> SESS.A.6 | C7: DPM Documentation Outline Clarification #2 | D7: Table should further exhaust the individual pilers (such as ejs piler, sass piler). Any other subfolder that are missing from the development folder system that should be mirrored in the document/api folder system. | E7: https://grok.com/share/c2hhcmQtNQ_6a25e2c5-4171-483d-bf5a-40d3fc23265e | F7: recourse-coutility@outlook.com | G7: 45349
A8: 5 | B8: =_xlfn.CONCAT($A$1, ".", $A8) -> SESS.A.5 | C8: DPM Documentation Outline Clarification #1 | D8: Table should exhaust all subfolders and mirror the development foldersystem. | E8: https://grok.com/share/c2hhcmQtNQ_e68cfc5c-2e74-4e64-b066-1bafb623ba11 | F8: recourse-coutility@outlook.com | G8: 45349
A9: 4 | B9: =_xlfn.CONCAT($A$1, ".", $A9) -> SESS.A.4 | C9: DPM Documentation Outline Clarification | D9: Table should include serialized identifier column. The document/api foldersystem should include a markdown file for each folder/subfolder with an index.js file. Omit the /guide foldersystem and README.md file – those will be created in separated exchange. | E9: https://grok.com/share/c2hhcmQtNQ_cd56185b-ac3d-41ae-abb3-bd9db174e97d | F9: recourse-coutility@outlook.com | G9: 45349
A10: 3 | B10: =_xlfn.CONCAT($A$1, ".", $A10) -> SESS.A.3 | C10: DPM Core-Plex Dependency DPM Documentation Outline | D10: Notice that Core-Plex is a dependency of Document Process Manager. Review Core-Plex documentation at https://github.com/thomaspatrickwelborn/core-plex as well as https://npmjs.com/core-plex. Then notice how Core-Plex API is utilized by Document Process Manager. The style and structure of documentation should resemble Core-Plex, Recourse, Objecture, and other of my own, original libraries/frameworks. Remember when markdown files are created in the session window they should be copy-pasteable with one click sans all other message data. Documentation Structure: /README.md – Impetus, Introduction, Installation, Instantiation, Implementation, Instructions /document/api/** – Documentation for development class system instantiation, properties, methods, etc. /document/guide/** – Documentation for practical application (such as usage throughout Core-Plex, Recourse, Objecture, etc). Generally there should be one /api file for all fo the classes in the development class system; there should be guides that separately describe practical application. Before generating documentation, create an outline within a session display table. | E10: https://grok.com/share/c2hhcmQtNQ_22b91237-113e-4fdc-8a2e-a50425db6b52 | F10: recourse-coutility@outlook.com | G10: 45349
A11: 2 | B11: =_xlfn.CONCAT($A$1, ".", $A11) -> SESS.A.2 | C11: DPM Overview Clarification #1 | D11: Consider last output "Document-Level Configuration (`$document.js`)...The 404 on the direct raw URL suggests either… Notice there is a special character used in the url. When accessing web documents with special characters remember to parse the URL. | E11: https://grok.com/share/c2hhcmQtNQ_22b91237-113e-4fdc-8a2e-a50425db6b52 | F11: recourse-coutility@outlook.com | G11: 45349
A12: 1 | B12: =_xlfn.CONCAT($A$1, ".", $A12) -> SESS.A.1 | C12: DPM Overview Clarification | D12: Example DPM configuration for Recourse: Recourse DPM Config – https://raw.githubusercontent.com/thomaspatrickwelborn/Recourse/refs/heads/master/demonstrament/dpm.config.documents.js Recourse DPM Document Config – https://raw.githubusercontent.com/thomaspatrickwelborn/Recourse/refs/heads/master/demonstrament/documents/%24document.js DPM Application Main – https://raw.githubusercontent.com/thomaspatrickwelborn/Document-Process-Manager/refs/heads/main/development/index.js DPM Application Processes – https://raw.githubusercontent.com/thomaspatrickwelborn/Document-Process-Manager/refs/heads/main/development/processes/index.js DPM Application Piler (Adpiler) – https://raw.githubusercontent.com/thomaspatrickwelborn/Document-Process-Manager/refs/heads/main/development/piler/ad/index.js DPM Application Piler (Deaddpiler) – https://raw.githubusercontent.com/thomaspatrickwelborn/Document-Process-Manager/refs/heads/main/development/piler/dead/index.js DPM Application Pilers (Clear, EJS, Rollup, SASS, Simule, etc) – https://raw.githubusercontent.com/thomaspatrickwelborn/Document-Process-Manager/refs/heads/main/development/pilers/index.js | E12: https://grok.com/share/c2hhcmQtNQ_4ee11c83-f232-407c-ae68-deac9882b32d | F12: recourse-coutility@outlook.com | G12: 45349
A13: 0 | B13: =_xlfn.CONCAT($A$1, ".", $A13) -> SESS.A.0 | C13: Document Process Manager (DPM) Overview | D13: The purpose of this session is to analyze, document, and report "Document Process Manager" (DPM) – a Javascript codebase for NPM. DPM is an original codebase authored by myself that manages document systems using configuration files. It has similarities with other libraries such as yeoman, gulp, and grunt. The codebase repository is located at https://github.com/thomaspatrickwelborn/document-process-manager while the NPM package is located at https://npmjs.com/document-process-manager. The project is already being used on multiple other projects: Recourse (https://github.com/thomaspatrickwelborn/recourse, https://npmjs.com/recourse), Objecture (https://github.com/thomaspatrickwelborn/objecture, https://npmjs.com/objecture), Core-Plex (https://github.com/thomaspatrickwelborn/core-plex, https://npmjs.com/core-plex). The listed projects are each similarly structured with a `demonstrament` folder that contains document process manager data: project configuration files, environment configuration files, piler configuration files, document processing model files, document processing template files, script/style/structure files, DPM has limited/no documentation for it's API, however there are rich examples of how to use DPM through each of the repositories listed herein. Use Recourse as a primary example of how to utilize DPM. Notice the Recourse Demonstrament DPM Configuration file `/demonstrament/dpm.config.documents.js`. `documents.config` identifies files with document piler ability. Notice the Recourse Demonstrament Documents `/demonstrament/documents/$document.js` configuration file, which contains further details about piling document system files. Furthermore notice regular ejs, js, json, scss files - these are editable files referenced by the piler configuration. Demonstrament document editing is distributed to a static (hidden) localhost folder. Support materials for te document system are contained. | E13: https://grok.com/share/c2hhcmQtNQ_91d9ac6e-cd1f-4e2b-8f65-e6bdbc0ad3fd | F13: recourse-coutility@outlook.com | G13: 45349

Sheet SESS.B
A1: SESS.B | B1: Session B | C1: DPM Install Analysis, Review | D1: https://grok.com/share/c2hhcmQtNQ_1b0afed7-42d9-4b91-92ea-75ecea3ee269
A2: ID | B2: SESSID | C2: Subsession Name | D2: Session Details | E2: Session Reference | F2: Session Account | G2: Original Date
A3: 11 | B3: =_xlfn.CONCAT($A$1, ".", $A3) -> SESS.B.11 | C3: Documentation Restart | F3: recourse-coutility@outlook.com | G3: 45350
A4: 11 | B4: =_xlfn.CONCAT($A$1, ".", $A4) -> SESS.B.11 | C4: Final Installation | D4: Now verify that all dependencies and devDependencies from the last output are configured accurately, specifically the existing ones before new added. | E4: https://grok.com/share/c2hhcmQtNQ_1b0afed7-42d9-4b91-92ea-75ecea3ee269 | F4: recourse-coutility@outlook.com | G4: 45350
A5: 10 | B5: =_xlfn.CONCAT($A$1, ".", $A5) -> SESS.B.10 | C5: Installation Reconsiderations | D5: Now create sample DPM project files with NPM configurations based on this original: ``` { "name": "objecture-demonstrament", "version": "1.0.0", "description": "", "license": "ISC", "author": "Thomas Patrick Welborn", "type": "module", "main": "index.js", "scripts": { "start": "pm2 start ecosystem.config.cjs", "restart": "pm2 restart ecosystem.config.cjs", "stop": "pm2 stop ecosystem.config.cjs", "delete": "pm2 delete ecosystem.config.cjs" }, "dependencies": { "document-process-manager": "^1.6.0", "recourse": "^1.2.1" }, "devDependencies": { "chokidar": "^4.0.3", "nodemon": "^3.1.9" } } ``` Based on need to install dependencies when the package is installed, which dependencies or devDependencies should be added? | E5: https://grok.com/share/c2hhcmQtNQ_2631a7ad-40d9-45a8-9cf1-67eb20e05336 | F5: recourse-coutility@outlook.com | G5: 45350
A6: 9 | B6: =_xlfn.CONCAT($A$1, ".", $A6) -> SESS.B.9 | C6: Installation Reconsiderations | D6: Now irrespective of herein session describe how to use existing unmodified DPM and DPM instances (from examples) configuration files but ensure installation of all dependencies. Ensure the package.json files are reviewed. | E6: https://grok.com/share/c2hhcmQtNQ_851b4644-7ba8-4468-a8e1-89c62292788d | F6: recourse-coutility@outlook.com | G6: 45350
A7: 8 | B7: =_xlfn.CONCAT($A$1, ".", $A7) -> SESS.B.8 | C7: DPM CLI Simplification | D7: Now consider omitting all `bin/index.js` or setup herein. Instead consider allowing `bin/index.js` to remain unmodified from original and only allow updates to ecosystem config and package config. | E7: https://grok.com/share/c2hhcmQtNQ_c588d7a8-2293-4380-8a28-f11830fd94fb | F7: recourse-coutility@outlook.com | G7: 45350
A8: 7 | B8: =_xlfn.CONCAT($A$1, ".", $A8) -> SESS.B.7 | C8: DPM `bin/index.js` File – Clarification | D8: And now recreate the final bin index file without any ecosystem file creation – this will be created by the user or another process. Instead recreate an example (based on Objecture, Recourse) demonstrament ecosystem config files with separate global/local installation. Also make final consideration that the scripts are invoked within the npm scripts property. | E8: https://grok.com/share/c2hhcmQtNQ_fd50a944-d30d-4524-be28-250f6643d8ab | F8: recourse-coutility@outlook.com | G8: 45350
A9: 6 | B9: =_xlfn.CONCAT($A$1, ".", $A9) -> SESS.B.6 | C9: DPM `bin/index.js` File – Clarification | D9: Now reconsider the last output `bin/index.js` File. Notice the code creates an ecosystem configuration file. Is this necessary or can the ecosystem file be created independently. | E9: https://grok.com/share/c2hhcmQtNQ_199a3c55-cfde-49ba-a5b2-3cb6d952606d | F9: recourse-coutility@outlook.com | G9: 45350
A10: 5 | B10: =_xlfn.CONCAT($A$1, ".", $A10) -> SESS.B.5 | C10: DPM Installation – Code Generation | D10: Is this the only affected file? I am going to assume this works or I am going to assume that I can use enough information from it to make it work myself. If not the only affected file create remaining. | E10: https://grok.com/share/c2hhcmQtNQ_73867a70-cb73-413b-954b-532a6b3a037c | F10: recourse-coutility@outlook.com | G10: 45350
A11: 4 | B11: =_xlfn.CONCAT($A$1, ".", $A11) -> SESS.B.4 | C11: DPM Installation Modes | D11: Now consider all output herein. The last output is the ideal approach and will be referred to as DPM Installation Modes. It should be implemented as described, however all affected development files must be recreated and they must pass logical validation. It is not necessary to generate codebase documentation files yet. | E11: https://grok.com/share/c2hhcmQtNQ_50f8cd48-1358-48e4-ac9f-a14e7e146c1c | F11: recourse-coutility@outlook.com | G11: 45350
A12: 3 | B12: =_xlfn.CONCAT($A$1, ".", $A12) -> SESS.B.3 | C12: Documentation-Driven Optionality with Dual-Mode Support | D12: Now consider documentation-driven optionality with dual-mode support. This is the ideal option because it requires limited maintenance for the project. However it must always adequately allow either a global or local installation. This should be able to achieve using PM2 Ecosystem file with 2 configurations in the same file. If so, then there should be a CLI flag specificying global or local dependency installation. Further consider viability of also optionally allowing DPM global or local installation AND global or local dependency installation. Finally, it should be possible to specify which dependencies to install or not install, or to install all default current. | E12: https://grok.com/share/c2hhcmQtNQ_f519adee-1442-470d-855a-c3f3473897c2 | F12: recourse-coutility@outlook.com | G12: 45350
A13: 2 | B13: =_xlfn.CONCAT($A$1, ".", $A13) -> SESS.B.2 | C13: Achieving Optional Global Or Local Installation | D13: Now consider integrating optional global or local installation. This must be an option that would be available through the CLI. Notice through example projects (Recourse, Objecture) demonstrament folders that DPM CLI statements are located `/demonstrament/ecosystem.config.cjs`, that `pm2` `ecosystem.config` file is invoked through adjacent `package.json` `scripts` property, and that adjacent `dpm.config.documents` file is consumed by a new instance of DPM (see bin for code), then further DPM configuration files through simplex-to-complex depth location and specified filenames or filename patterns for varied piler consumption. | E13: https://grok.com/share/c2hhcmQtNQ_8f7d787a-d90e-44de-b442-e74dc4338d2b | F13: recourse-coutility@outlook.com | G13: 45350
A14: 1 | B14: =_xlfn.CONCAT($A$1, ".", $A14) -> SESS.B.1 | C14: Achieving Ideal DPM Installation Outcomes | D14: Ideally a new DPM user will install globally and all dependencies will also install. Describe methods to achieve either this ideal or other ideal outcomes. | E14: https://grok.com/share/c2hhcmQtNQ_8b4f713e-3926-4ddc-b9bf-81a30057d189 | F14: recourse-coutility@outlook.com | G14: 45350
A15: 0 | B15: =_xlfn.CONCAT($A$1, ".", $A15) -> SESS.B.0 | C15: DPM Installation Overview | D15: Consider the attached session spreadsheet logging grok sessions for DPM. Use `SESS.A` tab specifically to gain initial understanding and information about DPM. The purpose of this session is to analyze and report technical installation overview. Specifically notice that DPM is an NPM package with global installation (contained within `/bin` folder). Notice that DPM dependencies include all of the dependencies required by pilers and other aspects of DPM to perform in a localized development system. Describe technical requirements for this to perform – specifically if all of the DPM dependencies must also be installed in a local project or system folder. | E15: https://grok.com/share/c2hhcmQtNQ_8b4f713e-3926-4ddc-b9bf-81a30057d189 | F15: recourse-coutility@outlook.com | G15: 45350
