Workbook

Sheet SESS
A1: SESS | B1: Sessions | C1: Grok Sessions
A2: SESSID | B2: Session Name | C2: Session Title | D2: Session Reference
A3: ='SESS.F'!A1 -> SESS.F | B3: ='SESS.F'!B1 -> Session F | C3: ='SESS.F'!C1 -> Engineering Diagram Symbols | D3: ='SESS.F'!D1 -> https://share.google/aimode/EpC23H71D4cadeSMq https://chatgpt.com/share/69a8a6f5-b3ac-8001-9226-f4744ea53557
A4: ='SESS.E'!A1 -> SESS.E | B4: ='SESS.E'!B1 -> Session E | C4: ='SESS.E'!C1 -> VERS Table | D4: ='SESS.E'!D1 -> –
A5: ='SESS.D'!A1 -> SESS.D | B5: ='SESS.D'!B1 -> Session D | C5: ='SESS.D'!C1 -> Dictionary References | D5: ='SESS.D'!D1 -> https://grok.com/share/c2hhcmQtNQ_07cedd95-dc38-47e5-9662-022061b112e3
A6: ='SESS.C'!A1 -> SESS.C | B6: ='SESS.C'!B1 -> Session C | C6: ='SESS.C'!C1 -> DPM Process – Codebase-Database (CB-DB) Piler | D6: ='SESS.C'!D1 -> https://grok.com/share/c2hhcmQtNQ_07cedd95-dc38-47e5-9662-022061b112e3
A7: ='SESS.B'!A1 -> SESS.B | B7: ='SESS.B'!B1 -> Session B | C7: ='SESS.B'!C1 -> DPM Install Analysis, Review | D7: ='SESS.B'!D1 -> https://grok.com/share/c2hhcmQtNQ_1b0afed7-42d9-4b91-92ea-75ecea3ee269
A8: ='SESS.A'!A1 -> SESS.A | B8: ='SESS.A'!B1 -> Session A | C8: ='SESS.A'!C1 -> DPM Analysis, Review | D8: ='SESS.A'!D1 -> https://grok.com/share/c2hhcmQtNQ_e4251ecb-6263-4ce7-9792-15caf434b5b0

Sheet SESS.G
A1: SESS.G | B1: Session G | C1: DPM Spreadsheet Methods | D1: https://grok.com/share/c2hhcmQtNQ_0b62d9cf-26fb-4204-ab26-e6e253caaed1
A2: ID | B2: SESSID | C2: Subsession Name | D2: Session Details | E2: Session Reference | F2: Session Account | G2: Utility | H2: Original Date
A3: 2 | B3: =_xlfn.CONCAT($A$1, ".", $A3) -> SESS.G.2 | C3: VERS Calculation Clarifications | D3: Notice that ⊢ can be calculated: Locating first content in LEXPROPER (0–6) Or DEXPROPER (+0–+6) and that content within DEXPROPER is a calculated index of LEXPROPER last index plus DEXPROPER index. | E3: 1
A4: 1 | B4: =_xlfn.CONCAT($A$1, ".", $A4) -> SESS.G.1 | C4: VERS Layout, Format, Calculations | D4: Consider the attached spreadsheet and tab `VERS.TMPL.7` and`VERS.TMPL.7A`. This tab contains a "script ledger" which allows codebase file authoring inside delineated columns. There are LEXSEXTER and DEXSEXTER measurements that collocate data. ⊢ measures visual indentation (LEXPROPER 0–6, DEXPROPER+0–+6,⊣ measures line progression, ⌗ measures scope (based on closure symbol in LEXPER, MEXPER, or DEXPER), and ◦ represents statement depth within current scope (notice indexing starts at new scope and continues based on prior scopes. ⊢ can be calculated by measuring the location of content within LEXPROPER or LEXPROPER+DEXPROPER. ⊣ can be calculated by incrementing prior ⊣ or initial value (0). The other calculations can wait until these are complete.
A5: 0 | B5: =_xlfn.CONCAT($A$1, ".", $A5) -> SESS.G.0 | C5: Establish DPM Spreadsheet Methods | D5: The purpose of this session is to establish and incorporate spreadsheet methods that perform convenience calculations as part of a workflow tool. The workflow tool captures data structures that translate to a document model for a codebase generator. Throughout the session I will present scenarios where spreadsheet calculations should be formulated to achieve some task. When responding with solutions the software is LibreCalc 26.2.1.2 for Linux. Prompt me to continue. | G5: Grok | H5: 46087

Sheet SESS.F
A1: SESS.F | B1: Session F | C1: Engineering Diagram Symbols | D1: https://share.google/aimode/EpC23H71D4cadeSMq https://chatgpt.com/share/69a8a6f5-b3ac-8001-9226-f4744ea53557
A2: ID | B2: SESSID | C2: Subsession Name | D2: Session Details | E2: Session Reference | F2: Session Account | G2: Utility | H2: Original Date
A3: 9 | B3: =_xlfn.CONCAT($A$1, ".", $A3) -> SESS.F.9 | C3: Diagrammatic Symbols | D3: Now generate four symbols adquate for the following: Table X Position Table Y Position Table X,Y Position Codebase Scope Position Codebase Statement Position Codebase Scope, Statement Position | E3: https://chatgpt.com/share/69a8a6f5-b3ac-8001-9226-f4744ea53557 | F3: thomas.tom.welborn@gmail.com | G3: Google AI | H3: 46086
A4: 8 | B4: =_xlfn.CONCAT($A$1, ".", $A4) -> SESS.F.8 | C4: Horizontal/Verizontal/Diazontal Symbols Extended | D4: almost the complete symbolic grammar used in computing and technical documentation. | E4: https://chatgpt.com/s/t_69a9e39377748191b4d47a707156edc6 | F4: thomas.tom.welborn@gmail.com | G4: Google AI | H4: 46086
A5: 7 | B5: =_xlfn.CONCAT($A$1, ".", $A5) -> SESS.F.7 | C5: Horizontal/Verizontal/Diazontal Symbols Extended | D5: much larger Unicode technical reference (100–200 directional and structural symbols) | E5: https://chatgpt.com/s/t_69a9e284e59081919ccc1118f38cfff9 | F5: thomas.tom.welborn@gmail.com | G5: Google AI | H5: 46086
A6: 6 | B6: =_xlfn.CONCAT($A$1, ".", $A6) -> SESS.F.6 | C6: Horizontal/Verizontal/Diazontal Symbols | D6: Now create a table for unique character symbols and their unicode values. | E6: https://chatgpt.com/s/t_69a9e15241cc8191af029320b44f5697 | F6: thomas.tom.welborn@gmail.com | G6: Google AI | H6: 46086
A7: 5 | B7: =_xlfn.CONCAT($A$1, ".", $A7) -> SESS.F.5 | C7: 3D Symbology | D7: Generate different symbol groups from different practical applications for the following: Horizontal – Column Depth Verizontal – Row Depth Diazontal – Row/Column Depth | E7: https://chatgpt.com/s/t_69a9e1448900819190499919dc9f6569 | F7: thomas.tom.welborn@gmail.com | G7: Google AI | H7: 46086
A8: 4 | B8: =_xlfn.CONCAT($A$1, ".", $A8) -> SESS.F.4 | C8: If the language used to describe coordinates within a codebase file are: Verizontal – Lines Horizontal – Tabs ________ – Scope Then define scope using "zontal" suffix. | D8: If the language used to describe coordinates within a codebase file are: Verizontal – Lines Horizontal – Tabs ________ – Scope Then define scope using "zontal" suffix. | E8: https://chatgpt.com/share/69a8a6f5-b3ac-8001-9226-f4744ea53557 | F8: thomas.tom.welborn@gmail.com | G8: Google AI | H8: 46086
A9: 3 | B9: =_xlfn.CONCAT($A$1, ".", $A9) -> SESS.F.3 | C9: formal hierarchy used by parsers and compilers | D9: – | E9: https://chatgpt.com/s/t_69a9dec6d80c8191ada25bdd5a714612 | F9: thomas.tom.welborn@gmail.com | G9: Google AI | H9: 46086
A10: 2 | B10: =_xlfn.CONCAT($A$1, ".", $A10) -> SESS.F.2 | C10: Block Structure, Scope Depth | D10: – | E10: https://chatgpt.com/share/69a8a6f5-b3ac-8001-9226-f4744ea53557 | F10: thomas.tom.welborn@gmail.com | G10: Google AI | H10: 46085
A11: 1 | B11: =_xlfn.CONCAT($A$1, ".", $A11) -> SESS.F.1 | C11: Engineering Diagram Symbols | D11: – | E11: https://chatgpt.com/s/t_69a8e9e3916c81918e9ce00ff04ccc02 | F11: thomas.tom.welborn@gmail.com | G11: Google AI | H11: 46085
A12: 0 | B12: =_xlfn.CONCAT($A$1, ".", $A12) -> SESS.F.0 | C12: Unicode Symbols For Engineering | D12: UNICODE SYMBOLS USED IN NAVIGATION, MEASUREMENT, GEOLOCATION, ETC | E12: https://share.google/aimode/EpC23H71D4cadeSMq | F12: thomas.tom.welborn@gmail.com | G12: Google AI | H12: 46085

Sheet SESS.E
A1: SESS.E | B1: Session E | C1: VERS Table | D1: –
A2: ID | B2: SESSID | C2: Subsession Name | D2: Session Details | E2: Session Reference | F2: Session Account | G2: Utility | H2: Original Date
A3: 1 | B3: =_xlfn.CONCAT($A$1, ".", $A3) -> SESS.E.1 | C3: VERS Table Translation Format | D3: Table format should be copy-pasteable TSV. | E3: https://grok.com/share/c2hhcmQtNQ_6ea8e3dd-5ef9-426d-86b9-ec8d911f87d5 | F3: document-process-manager@outlook.com | G3: Grok | H3: 46084
A4: 0 | B4: =_xlfn.CONCAT($A$1, ".", $A4) -> SESS.E.0 | C4: VERS Table Design, Codebase File Translation | D4: SESS.E.0 VERS Table Design, Codebase File Translation Consider the attached codebase file and TSV table. The table is designed to capture ALL elements necessary to describe content of the codebase. Attempt to translate the entire codebase file into a completed table. Notice that there is a header row group instead of a single header row. All column structures must be maintained. | E4: https://grok.com/share/c2hhcmQtNQ_2c503591-36b2-4c16-8a1f-825cbe4f51a3 | F4: document-process-manager@outlook.com | G4: Grok | H4: 46084

Sheet SESS.D
A1: SESS.D | B1: Session D | C1: Dictionary References | D1: https://grok.com/share/c2hhcmQtNQ_07cedd95-dc38-47e5-9662-022061b112e3
A2: ID | B2: SESSID | C2: Subsession Name | D2: Session Details | E2: Session Reference | F2: Session Account | G2: Utility | H2: Original Date
A3: 4 | B3: =_xlfn.CONCAT($A$1, ".", $A3) -> SESS.D.4 | C3: Statement Sequence Index | D3: Within the same contextual framework, there should be another word for part of coordinate system that describes "row"/"statement"/"line"/"block" index - however this number is only a representation of depth visually not necessarily block index order. Currently scope index and block index for left-hand/right-hand exressions within statements comprise a "SEXTEN" coordinate system. This coordinate system is currently formatted as `LNEX,RNEX`. `LNEX` is formatted as `LSCO.LBLO`; `RNEX` is formatted as `RSCO.RBLO`. The final format is `LSCO.LBLO,RSCO,RBLO` where: LSCO is left-hand scope index, LBLO is left-hand block index, RSCO is left-hand scope index, RSCO is left-hand block index; SCO and BLO are separated by `.` (period) character, and L and R are separated by ',' (comma) character. | E3: https://chatgpt.com/s/t_69a74da4051881919deae067adfa07d1 | F3: thomas.tom.welborn | G3: ChatGPT | H3: 46084
A4: 3 | B4: =_xlfn.CONCAT($A$1, ".", $A4) -> SESS.D.3 | C4: Scope Notch (?) Index | D4: Which greek/latin-based words in any language, but specifically english navigation language for any type of transportation, what word is used to describe the index of columns illustrating scoped closure in a directory tree, regardless of whether the scope index within the closure matches with the column index. | E4: https://chatgpt.com/s/t_69a74893102481918c68fa20b2c42b81 | F4: thomas.tom.welborn | G4: ChatGPT | H4: 46084
A5: 2 | B5: =_xlfn.CONCAT($A$1, ".", $A5) -> SESS.D.2 | C5: Verse Suggestion | D5: What about the word "VERSE" to describe technical statements of left-hand/right-hand expressions, such as with programming languages? | E5: https://chatgpt.com/s/t_69a629b841188191824664dfb6b3a4cc | F5: thomas.tom.welborn | G5: ChatGPT | H5: 46083
A6: 1 | B6: =_xlfn.CONCAT($A$1, ".", $A6) -> SESS.D.1 | C6: V-Word for script ledger | D6: I am seeking v-words that describe scripts, ledgers, instructions, property key/value managers. | E6: https://chatgpt.com/s/t_69a6299e39cc8191a48c000f5fcd29d5 | F6: thomas.tom.welborn | G6: ChatGPT | H6: 46083
A7: 0 | B7: =_xlfn.CONCAT($A$1, ".", $A7) -> SESS.D.0 | C7: Dictionary Reference Introduction | D7: Consider the attached spreadsheet of Greek/Latin roots/prefixes/suffixes words, then consider alternate popular and obscure Greek/Latin roots/prefixes/suffixes. Throughout this session respond to my input. Prompt me to begin. | E7: https://chatgpt.com/s/t_69a6298ff6608191b512178eb07e133e | F7: thomas.tom.welborn | G7: ChatGPT | H7: 46083

Sheet SESS.C
A1: SESS.C | B1: Session C | C1: DPM Process – Codebase-Database (CB-DB) Piler | D1: https://grok.com/share/c2hhcmQtNQ_07cedd95-dc38-47e5-9662-022061b112e3
A2: ID | B2: SESSID | C2: Subsession Name | D2: Session Details | E2: Session Reference | F2: Session Account | G2: Session Utility | H2: Original Date
A3: 14 | B3: =_xlfn.CONCAT($A$1, ".", $A3) -> SESS.C.14 | C3: Generic AST Table Reformat | D3: Now consider the following proposed table: ```tsv VERS Script Ledger Static 3-column programmatic language ledger SEXTER LEXTER DEXTER RID VERSID LEX DEX SID BID CLO SER TEN PER CLO SER TEN PER SID BID 0 VERS.0 0,0 0,0 0 0 class EJSPiler extends Piler 0 0 1 VERS.1 1,0 1,0 1 0 {} #model 1 0 2 VERS.2 1,1 1,1 1 1 #renderFileOptions 1 1 3 VERS.3 1,2 1,2 1 2 #compileOptions 1 2 4 VERS.4 1,3 1,3 1 3 #_root 1 3 5 VERS.5 1,4 2,0 1 4 constructor () $settings , 2 0 6 VERS.6 2,1 2,1 2 1 $options , 2 1 7 VERS.7 2,2 2,2 2 2 $document 2 2 8 VERS.8 2,0 3,0 2 0 {} super () ...arguments 3 0 9 VERS.9 1,2 3,0 1 2 get outputType () 3 0 10 VERS.10 2,0 2,0 2 0 {} return this.settings.outputType 2 0 11 VERS.11 1,3 2,0 1 3 get model () 2 0 12 VERS.12 2,0 3,0 2 0 {} if () 3 0 13 VERS.13 3,0 3,1 3 0 this.#model !== undefined 3 1 14 VERS.14 3,0 3,0 3 0 {} return this.#model 3 0 15 VERS.15 2,0 2,0 2 0 this.#model = path.join 2 0 16 VERS.16 3,0 3,0 3 0 () this.document.source , 3 0 17 VERS.17 3,1 3,1 3 1 this.settings.model 3 1 18 VERS.18 3,2 3,2 3 2 return this.#model 3 2 ``` SEXTER - Ledger scope/block location LEXTER - Left Statement DEXTER - Right Statement RID - Row ID (used for tracking rows, appending to VERSID) VERSID - "Verse" ID SID - Scope ID BID - BLock ID SER - Reserved keywords TEN - Property keys and property values PER - Operators, separators, other symbols CLO - Closure Symbols Only | E3: https://grok.com/share/c2hhcmQtNQ_e980701c-801a-476b-8751-b9a39b029798 | F3: document-process-manager@outlook.com | G3: Grok | H3: 46082
A4: 13 | B4: =_xlfn.CONCAT($A$1, ".", $A4) -> SESS.C.13 | C4: Generic AST Table Reformat | D4: Now consider the more sophisticated table representation of a partial JS file. This same structure will also be used to capture CSS and HTML file data. Now consider attached file of original JS. Using the table format and struture below, recreate the file within this table system. ```tsv SEXTER LEXTER DEXTER LEX DEX SID BID CLO SER TEN PER CLO SER TEN PER SID BID 0,0 0,0 0 0 class EJSPiler extends Piler 0 0 1,0 1,0 1 0 {} #model #renderFileOptions #compileOptions #_root 1 0 1,1 2,0 1 1 constructor () $settings, $options, $document 2 0 2,0 3,0 2 0 {} super () ...arguments 3 0 1,2 3,0 1 2 get outputType () 3 0 2,0 2,0 2 0 {} return this.settings.outputType 2 0 1,3 2,0 1 3 get model () 2 0 2,0 3,0 2 0 {} if () 3 0 ``` When recreating the table omit import and export statements. Instead use class as the starting point. Import/Export concerns will be managed separately with more information later. | E4: https://grok.com/share/c2hhcmQtNQ_07cedd95-dc38-47e5-9662-022061b112e3 | F4: document-process-manager@outlook.com | G4: Grok | H4: 46082
A5: 12 | B5: =_xlfn.CONCAT($A$1, ".", $A5) -> SESS.C.12 | C5: Generic AST Table | D5: Now consider the following table corrections: - There are two header rows. - There is no "Scope" column. - Block ID (BID) is an integer order of blocks within a scope - Scope ID (SID) is an integer order of depth subblocks/subscopes. - CLO (Closure) may be the start/stop closure symbols. - SER (Reserved) intended for reserved words. - TEN (Content) intended for property key/property value depending on lexter/dexter - PER (Operator/Separator) - Obvious. | E5: https://grok.com/share/c2hhcmQtNQ_684168e8-8d70-4dab-b6d2-00644f65bb3a | F5: document-process-manager@outlook.com | G5: Grok | H5: 46082
A6: 11 | B6: =_xlfn.CONCAT($A$1, ".", $A6) -> SESS.C.11 | C6: Recreate Tree-Sitter AST Table | D6: Now recreate the previously provided javascript file example within the updated table. | E6: https://grok.com/share/c2hhcmQtNQ_9868902e-f464-42ef-824b-357a59d8166e | F6: document-process-manager@outlook.com | G6: Grok | H6: 46082
A7: 10 | B7: =_xlfn.CONCAT($A$1, ".", $A7) -> SESS.C.10 | C7: Spreadsheet Example Clarification #3 | D7: Now consider the following shortened version of the previous output table. ```tsv Scope Lexter Dexter BID SID CLO SER TEN PER CLO SER TEN PER ``` ``` BID - Block Identifier SID - Scope Identifier CLO - Closure SER - Reserved Word TEN - Content PER - Operator, Separator ``` | E7: https://grok.com/share/c2hhcmQtNQ_bf06d553-c9fc-413a-96df-72cd2a7670bf | F7: document-process-manager@outlook.com | G7: Grok | H7: 46082
A8: 9 | B8: =_xlfn.CONCAT($A$1, ".", $A8) -> SESS.C.9 | C8: Spreadsheet Example Clarification #2 | D8: Create a two-row header with properties split between lexter/dexter when possible. There should be two main columns for lexter/dexter. The columns should be readable as if authoring code within them. | E8: https://grok.com/share/c2hhcmQtNQ_594b1c70-ce2e-45b7-8058-192b23a30e5b | F8: document-process-manager@outlook.com | G8: Grok | H8: 46082
A9: 8 | B9: =_xlfn.CONCAT($A$1, ".", $A9) -> SESS.C.8 | C9: Spreadsheet Example Clarification | D9: The sample table should be output in tsv format. | E9: https://grok.com/share/c2hhcmQtNQ_878b9052-d943-4cde-90b1-2654e7c72f9b | F9: document-process-manager@outlook.com | G9: Grok | H9: 46082
A10: 7 | B10: =_xlfn.CONCAT($A$1, ".", $A10) -> SESS.C.7 | C10: Spreadsheet Example | D10: Create a sample spreadsheet table with the lexter/dexter columns and sub columns. | E10: https://grok.com/share/c2hhcmQtNQ_f045e227-20c3-4cbc-81c4-4c4f05bef15f | F10: document-process-manager@outlook.com | G10: Grok | H10: 46082
A11: 6 | B11: =_xlfn.CONCAT($A$1, ".", $A11) -> SESS.C.6 | C11: Tree-Sitter, Mongoose Considerations | D11: Translating a codebase to a database in Mongoose is expected to repeatedly update the same models or expected to constantly delete/create models. Additionally, all properties must be presentable within an interfacile envoironment where codebase AST is authored in a 2-column (sttemented lexter, dexter) with similar/same subcolumns to capture reserved words, operators, variable keys, values, etc. | E11: https://grok.com/share/c2hhcmQtNQ_33e62e78-f9df-41fb-a35b-37ea375201e2 | F11: document-process-manager@outlook.com | G11: Grok | H11: 46082
A12: 5 | B12: =_xlfn.CONCAT($A$1, ".", $A12) -> SESS.C.5 | C12: Tree-Sitter Parsement Data Modeling | D12: Tree-Sitter parsement is expected to be same object properties with recursion. Create a Mongoose Schema with entire Tree-Sitter parsement for any file (not just JS). | E12: https://grok.com/share/c2hhcmQtNQ_d47c668d-7299-4055-8978-2fd03140c57e | F12: document-process-manager@outlook.com | G12: Grok | H12: 46082
A13: 4 | B13: =_xlfn.CONCAT($A$1, ".", $A13) -> SESS.C.4 | C13: Tree-Sitter Demonstration Clarification | D13: Tree-Sitter may be a viable alternative for my original AST. Create a table that describes relevant documentation for Tree-Sitter from output herein session. | E13: https://grok.com/share/c2hhcmQtNQ_41ee234e-884e-4a9c-abf2-be2d283b5360 | F13: document-process-manager@outlook.com | G13: Grok | H13: 46082
A14: 3 | B14: =_xlfn.CONCAT($A$1, ".", $A14) -> SESS.C.3 | C14: Tree-Sitter Demonstration JSON | D14: Now consider the output tree-sitter AST. Display the output as a JSON file. | E14: https://grok.com/share/c2hhcmQtNQ_92b92f3d-afbf-4a84-9694-24ef9c589485 | F14: document-process-manager@outlook.com | G14: Grok | H14: 46082
A15: 2 | B15: =_xlfn.CONCAT($A$1, ".", $A15) -> SESS.C.2 | C15: Tree-Sitter Demonstration | D15: Now consider the following sample JS file. Transform the JS file to tree-sitter AST: ``` import Core from '../../core/index.js' import path from 'node:path' import watch from 'glob-watcher' export default class Adpiler extends Core { document #active = false #input #output #watch #ignore #watcher constructor($settings, $options, $document) { super(...arguments) this.document = $document this.addEvents([ // Watcher Events { path: 'watcher', type: 'add', listener: this.pile, assign: 'on', deassign: 'off', }, { path: 'watcher', type: 'change', listener: this.pile, assign: 'on', deassign: 'off', } ]) Object.defineProperties(this, { watcher: { enumerable: true, get() { if( this.#watcher !== undefined || this.watch === undefined ) { return this.#watcher } let watcher = watch(this.watch, { ignored: this.ignore, ignoreInitial: false, awaitWriteFinish: true, }) this.#watcher = watcher this.enableEvents({ path: 'watcher' }) return this.#watcher } } }) this.watcher this.enableEvents() } get active() { return this.#active } set active($active) { if(this.#active === $active) { return } if(this.watcher !== undefined) { if($active === true) { this.watcher } else if($active === false) { this.watcher.close() this.#watcher = undefined } } this.#active = $active } get type() { return this.settings.type } get input() { if(this.#input !== undefined) { return this.#input } this.#input = path.join(this.document.source, this.settings.input) return this.#input } get output() { if(this.#output !== undefined) { return this.#output } this.#output = path.join(this.document.target, this.settings.output) return this.#output } get watch() { if(this.#watch !== undefined) { return this.#watch } if(!this.settings.watch) { return this.#watch } const watch = this.settings.watch.map( ($watchPath) => path.join(this.document.source, $watchPath) ) if(watch.length) { this.#watch = watch } return this.#watch } get ignore() { if(this.#ignore !== undefined) { return this.#ignore } this.#ignore = Array.prototype.concat( this.settings.ignore.map( ($ignorePath) => path.join(this.document.source, $ignorePath) ), this.document.ignore ) return this.#ignore } } ``` | E15: https://grok.com/share/c2hhcmQtNQ_80ada8e8-a5a1-4b1c-ac8e-8db6d8bd0f4b | F15: document-process-manager@outlook.com | G15: Grok | H15: 46082
A16: 1 | B16: =_xlfn.CONCAT($A$1, ".", $A16) -> SESS.C.1 | C16: Tree-Sitter Description | D16: Describe how tree-sitter may be a viable alternative for a custom solution.
A17: 0 | B17: =_xlfn.CONCAT($A$1, ".", $A17) -> SESS.C.0 | C17: CB-DB Analysis | D17: Document Process Manager document generator templates consume document models describing some document structure. DPM's initial primary focus is web document systems and most document models, document templates are created for this purpose. There is a default document model with definitive property structure and autorecursion that is capable of rendering programmatic language files universally. This is achieved by separating syntax, symbols, and content used in programmatic languages into distinct properties with reductive name (greek/latin roots) describing separated part's purpose. Programmatic languages are comprised of blocks -> statements -> expressions that are further comprised of reserved words, closures, comparators, etc. A univeral generic programmatic language file (JS, CSS, HTML, MD, PHP, PY, etc.) should share a set of minimalistic properties containing different classifications of syntax. Alternately, a programmatic language document should be transformable to a default universal abstract syntax tree as described herein. This is a process that I already achieved during prior development on experimental projects. Ability to process documents with default universal programmatic language files is essential for Document Process Manager.

Sheet SESS.B
A1: SESS.B | B1: Session B | C1: DPM Install Analysis, Review | D1: https://grok.com/share/c2hhcmQtNQ_1b0afed7-42d9-4b91-92ea-75ecea3ee269
A2: ID | B2: SESSID | C2: Subsession Name | D2: Session Details | E2: Session Reference | F2: Session Account | G2: Session Utility | H2: Original Date
A3: 11 | B3: =_xlfn.CONCAT($A$1, ".", $A3) -> SESS.B.11 | C3: Documentation Restart | F3: recourse-coutility@outlook.com | G3: Grok | H3: 46081
A4: 11 | B4: =_xlfn.CONCAT($A$1, ".", $A4) -> SESS.B.11 | C4: Final Installation | D4: Now verify that all dependencies and devDependencies from the last output are configured accurately, specifically the existing ones before new added. | E4: https://grok.com/share/c2hhcmQtNQ_1b0afed7-42d9-4b91-92ea-75ecea3ee269 | F4: recourse-coutility@outlook.com | G4: Grok | H4: 46081
A5: 10 | B5: =_xlfn.CONCAT($A$1, ".", $A5) -> SESS.B.10 | C5: Installation Reconsiderations | D5: Now create sample DPM project files with NPM configurations based on this original: ``` { "name": "objecture-demonstrament", "version": "1.0.0", "description": "", "license": "ISC", "author": "Thomas Patrick Welborn", "type": "module", "main": "index.js", "scripts": { "start": "pm2 start ecosystem.config.cjs", "restart": "pm2 restart ecosystem.config.cjs", "stop": "pm2 stop ecosystem.config.cjs", "delete": "pm2 delete ecosystem.config.cjs" }, "dependencies": { "document-process-manager": "^1.6.0", "recourse": "^1.2.1" }, "devDependencies": { "chokidar": "^4.0.3", "nodemon": "^3.1.9" } } ``` Based on need to install dependencies when the package is installed, which dependencies or devDependencies should be added? | E5: https://grok.com/share/c2hhcmQtNQ_2631a7ad-40d9-45a8-9cf1-67eb20e05336 | F5: recourse-coutility@outlook.com | G5: Grok | H5: 46081
A6: 9 | B6: =_xlfn.CONCAT($A$1, ".", $A6) -> SESS.B.9 | C6: Installation Reconsiderations | D6: Now irrespective of herein session describe how to use existing unmodified DPM and DPM instances (from examples) configuration files but ensure installation of all dependencies. Ensure the package.json files are reviewed. | E6: https://grok.com/share/c2hhcmQtNQ_851b4644-7ba8-4468-a8e1-89c62292788d | F6: recourse-coutility@outlook.com | G6: Grok | H6: 46081
A7: 8 | B7: =_xlfn.CONCAT($A$1, ".", $A7) -> SESS.B.8 | C7: DPM CLI Simplification | D7: Now consider omitting all `bin/index.js` or setup herein. Instead consider allowing `bin/index.js` to remain unmodified from original and only allow updates to ecosystem config and package config. | E7: https://grok.com/share/c2hhcmQtNQ_c588d7a8-2293-4380-8a28-f11830fd94fb | F7: recourse-coutility@outlook.com | G7: Grok | H7: 46081
A8: 7 | B8: =_xlfn.CONCAT($A$1, ".", $A8) -> SESS.B.7 | C8: DPM `bin/index.js` File – Clarification | D8: And now recreate the final bin index file without any ecosystem file creation – this will be created by the user or another process. Instead recreate an example (based on Objecture, Recourse) demonstrament ecosystem config files with separate global/local installation. Also make final consideration that the scripts are invoked within the npm scripts property. | E8: https://grok.com/share/c2hhcmQtNQ_fd50a944-d30d-4524-be28-250f6643d8ab | F8: recourse-coutility@outlook.com | G8: Grok | H8: 46081
A9: 6 | B9: =_xlfn.CONCAT($A$1, ".", $A9) -> SESS.B.6 | C9: DPM `bin/index.js` File – Clarification | D9: Now reconsider the last output `bin/index.js` File. Notice the code creates an ecosystem configuration file. Is this necessary or can the ecosystem file be created independently. | E9: https://grok.com/share/c2hhcmQtNQ_199a3c55-cfde-49ba-a5b2-3cb6d952606d | F9: recourse-coutility@outlook.com | G9: Grok | H9: 46081
A10: 5 | B10: =_xlfn.CONCAT($A$1, ".", $A10) -> SESS.B.5 | C10: DPM Installation – Code Generation | D10: Is this the only affected file? I am going to assume this works or I am going to assume that I can use enough information from it to make it work myself. If not the only affected file create remaining. | E10: https://grok.com/share/c2hhcmQtNQ_73867a70-cb73-413b-954b-532a6b3a037c | F10: recourse-coutility@outlook.com | G10: Grok | H10: 46081
A11: 4 | B11: =_xlfn.CONCAT($A$1, ".", $A11) -> SESS.B.4 | C11: DPM Installation Modes | D11: Now consider all output herein. The last output is the ideal approach and will be referred to as DPM Installation Modes. It should be implemented as described, however all affected development files must be recreated and they must pass logical validation. It is not necessary to generate codebase documentation files yet. | E11: https://grok.com/share/c2hhcmQtNQ_50f8cd48-1358-48e4-ac9f-a14e7e146c1c | F11: recourse-coutility@outlook.com | G11: Grok | H11: 46081
A12: 3 | B12: =_xlfn.CONCAT($A$1, ".", $A12) -> SESS.B.3 | C12: Documentation-Driven Optionality with Dual-Mode Support | D12: Now consider documentation-driven optionality with dual-mode support. This is the ideal option because it requires limited maintenance for the project. However it must always adequately allow either a global or local installation. This should be able to achieve using PM2 Ecosystem file with 2 configurations in the same file. If so, then there should be a CLI flag specificying global or local dependency installation. Further consider viability of also optionally allowing DPM global or local installation AND global or local dependency installation. Finally, it should be possible to specify which dependencies to install or not install, or to install all default current. | E12: https://grok.com/share/c2hhcmQtNQ_f519adee-1442-470d-855a-c3f3473897c2 | F12: recourse-coutility@outlook.com | G12: Grok | H12: 46081
A13: 2 | B13: =_xlfn.CONCAT($A$1, ".", $A13) -> SESS.B.2 | C13: Achieving Optional Global Or Local Installation | D13: Now consider integrating optional global or local installation. This must be an option that would be available through the CLI. Notice through example projects (Recourse, Objecture) demonstrament folders that DPM CLI statements are located `/demonstrament/ecosystem.config.cjs`, that `pm2` `ecosystem.config` file is invoked through adjacent `package.json` `scripts` property, and that adjacent `dpm.config.documents` file is consumed by a new instance of DPM (see bin for code), then further DPM configuration files through simplex-to-complex depth location and specified filenames or filename patterns for varied piler consumption. | E13: https://grok.com/share/c2hhcmQtNQ_8f7d787a-d90e-44de-b442-e74dc4338d2b | F13: recourse-coutility@outlook.com | G13: Grok | H13: 46081
A14: 1 | B14: =_xlfn.CONCAT($A$1, ".", $A14) -> SESS.B.1 | C14: Achieving Ideal DPM Installation Outcomes | D14: Ideally a new DPM user will install globally and all dependencies will also install. Describe methods to achieve either this ideal or other ideal outcomes. | E14: https://grok.com/share/c2hhcmQtNQ_8b4f713e-3926-4ddc-b9bf-81a30057d189 | F14: recourse-coutility@outlook.com | G14: Grok | H14: 46081
A15: 0 | B15: =_xlfn.CONCAT($A$1, ".", $A15) -> SESS.B.0 | C15: DPM Installation Overview | D15: Consider the attached session spreadsheet logging grok sessions for DPM. Use `SESS.A` tab specifically to gain initial understanding and information about DPM. The purpose of this session is to analyze and report technical installation overview. Specifically notice that DPM is an NPM package with global installation (contained within `/bin` folder). Notice that DPM dependencies include all of the dependencies required by pilers and other aspects of DPM to perform in a localized development system. Describe technical requirements for this to perform – specifically if all of the DPM dependencies must also be installed in a local project or system folder. | E15: https://grok.com/share/c2hhcmQtNQ_8b4f713e-3926-4ddc-b9bf-81a30057d189 | F15: recourse-coutility@outlook.com | G15: Grok | H15: 46081

Sheet SESS.A
A1: SESS.A | B1: Session A | C1: DPM Analysis, Review | D1: https://grok.com/share/c2hhcmQtNQ_e4251ecb-6263-4ce7-9792-15caf434b5b0
A2: ID | B2: SESSID | C2: Subsession Name | D2: Session Details | E2: Session Reference | F2: Session Account | G2: Session Utility | H2: Original Date
A3: 9 | B3: =_xlfn.CONCAT($A$1, ".", $A3) -> SESS.A.9 | C3: DPM Documentation Samples | D3: Create a sample markdown document file for four different types of files to be created for DPM: API-001, API-002, API-010, API-018 | E3: https://grok.com/share/c2hhcmQtNQ_e4251ecb-6263-4ce7-9792-15caf434b5b0 | F3: recourse-coutility@outlook.com | G3: Grok | H3: 46080
A4: 8 | B4: =_xlfn.CONCAT($A$1, ".", $A4) -> SESS.A.8 | C4: DPM Documentation Outline Concession | D4: Describe why original table for /document/api was not exhaustive, despite multiple clarifications. | E4: https://grok.com/share/c2hhcmQtNQ_b61623b8-4944-48ab-8a91-9768dfd8f2eb | F4: recourse-coutility@outlook.com | G4: Grok | H4: 46080
A5: 8 | B5: =_xlfn.CONCAT($A$1, ".", $A5) -> SESS.A.8 | C5: DPM Documentation Outline Clarification #4 | D5: The foldersystem should mirror the development folder system and all classes/methods should have complementary document files. Recreate the entire table. Reference the attached screenshot. Omit the coutil folder entirely, omit the core folder. | E5: https://grok.com/share/c2hhcmQtNQ_66c30d41-cb9f-4b5c-941f-28aa57dccf5f | F5: recourse-coutility@outlook.com | G5: Grok | H5: 46080
A6: 7 | B6: =_xlfn.CONCAT($A$1, ".", $A6) -> SESS.A.7 | C6: DPM Documentation Outline Clarification #3 | D6: Continue to add rows for further documentation. For example there are further subfolders for sockets - this includes important message adapter. | E6: https://grok.com/share/c2hhcmQtNQ_6a25e2c5-4171-483d-bf5a-40d3fc23265e | F6: recourse-coutility@outlook.com | G6: Grok | H6: 46080
A7: 6 | B7: =_xlfn.CONCAT($A$1, ".", $A7) -> SESS.A.6 | C7: DPM Documentation Outline Clarification #2 | D7: Table should further exhaust the individual pilers (such as ejs piler, sass piler). Any other subfolder that are missing from the development folder system that should be mirrored in the document/api folder system. | E7: https://grok.com/share/c2hhcmQtNQ_6a25e2c5-4171-483d-bf5a-40d3fc23265e | F7: recourse-coutility@outlook.com | G7: Grok | H7: 46080
A8: 5 | B8: =_xlfn.CONCAT($A$1, ".", $A8) -> SESS.A.5 | C8: DPM Documentation Outline Clarification #1 | D8: Table should exhaust all subfolders and mirror the development foldersystem. | E8: https://grok.com/share/c2hhcmQtNQ_e68cfc5c-2e74-4e64-b066-1bafb623ba11 | F8: recourse-coutility@outlook.com | G8: Grok | H8: 46080
A9: 4 | B9: =_xlfn.CONCAT($A$1, ".", $A9) -> SESS.A.4 | C9: DPM Documentation Outline Clarification | D9: Table should include serialized identifier column. The document/api foldersystem should include a markdown file for each folder/subfolder with an index.js file. Omit the /guide foldersystem and README.md file – those will be created in separated exchange. | E9: https://grok.com/share/c2hhcmQtNQ_cd56185b-ac3d-41ae-abb3-bd9db174e97d | F9: recourse-coutility@outlook.com | G9: Grok | H9: 46080
A10: 3 | B10: =_xlfn.CONCAT($A$1, ".", $A10) -> SESS.A.3 | C10: DPM Core-Plex Dependency DPM Documentation Outline | D10: Notice that Core-Plex is a dependency of Document Process Manager. Review Core-Plex documentation at https://github.com/thomaspatrickwelborn/core-plex as well as https://npmjs.com/core-plex. Then notice how Core-Plex API is utilized by Document Process Manager. The style and structure of documentation should resemble Core-Plex, Recourse, Objecture, and other of my own, original libraries/frameworks. Remember when markdown files are created in the session window they should be copy-pasteable with one click sans all other message data. Documentation Structure: /README.md – Impetus, Introduction, Installation, Instantiation, Implementation, Instructions /document/api/** – Documentation for development class system instantiation, properties, methods, etc. /document/guide/** – Documentation for practical application (such as usage throughout Core-Plex, Recourse, Objecture, etc). Generally there should be one /api file for all fo the classes in the development class system; there should be guides that separately describe practical application. Before generating documentation, create an outline within a session display table. | E10: https://grok.com/share/c2hhcmQtNQ_22b91237-113e-4fdc-8a2e-a50425db6b52 | F10: recourse-coutility@outlook.com | G10: Grok | H10: 46080
A11: 2 | B11: =_xlfn.CONCAT($A$1, ".", $A11) -> SESS.A.2 | C11: DPM Overview Clarification #1 | D11: Consider last output "Document-Level Configuration (`$document.js`)...The 404 on the direct raw URL suggests either… Notice there is a special character used in the url. When accessing web documents with special characters remember to parse the URL. | E11: https://grok.com/share/c2hhcmQtNQ_22b91237-113e-4fdc-8a2e-a50425db6b52 | F11: recourse-coutility@outlook.com | G11: Grok | H11: 46080
A12: 1 | B12: =_xlfn.CONCAT($A$1, ".", $A12) -> SESS.A.1 | C12: DPM Overview Clarification | D12: Example DPM configuration for Recourse: Recourse DPM Config – https://raw.githubusercontent.com/thomaspatrickwelborn/Recourse/refs/heads/master/demonstrament/dpm.config.documents.js Recourse DPM Document Config – https://raw.githubusercontent.com/thomaspatrickwelborn/Recourse/refs/heads/master/demonstrament/documents/%24document.js DPM Application Main – https://raw.githubusercontent.com/thomaspatrickwelborn/Document-Process-Manager/refs/heads/main/development/index.js DPM Application Processes – https://raw.githubusercontent.com/thomaspatrickwelborn/Document-Process-Manager/refs/heads/main/development/processes/index.js DPM Application Piler (Adpiler) – https://raw.githubusercontent.com/thomaspatrickwelborn/Document-Process-Manager/refs/heads/main/development/piler/ad/index.js DPM Application Piler (Deaddpiler) – https://raw.githubusercontent.com/thomaspatrickwelborn/Document-Process-Manager/refs/heads/main/development/piler/dead/index.js DPM Application Pilers (Clear, EJS, Rollup, SASS, Simule, etc) – https://raw.githubusercontent.com/thomaspatrickwelborn/Document-Process-Manager/refs/heads/main/development/pilers/index.js | E12: https://grok.com/share/c2hhcmQtNQ_4ee11c83-f232-407c-ae68-deac9882b32d | F12: recourse-coutility@outlook.com | G12: Grok | H12: 46080
A13: 0 | B13: =_xlfn.CONCAT($A$1, ".", $A13) -> SESS.A.0 | C13: Document Process Manager (DPM) Overview | D13: The purpose of this session is to analyze, document, and report "Document Process Manager" (DPM) – a Javascript codebase for NPM. DPM is an original codebase authored by myself that manages document systems using configuration files. It has similarities with other libraries such as yeoman, gulp, and grunt. The codebase repository is located at https://github.com/thomaspatrickwelborn/document-process-manager while the NPM package is located at https://npmjs.com/document-process-manager. The project is already being used on multiple other projects: Recourse (https://github.com/thomaspatrickwelborn/recourse, https://npmjs.com/recourse), Objecture (https://github.com/thomaspatrickwelborn/objecture, https://npmjs.com/objecture), Core-Plex (https://github.com/thomaspatrickwelborn/core-plex, https://npmjs.com/core-plex). The listed projects are each similarly structured with a `demonstrament` folder that contains document process manager data: project configuration files, environment configuration files, piler configuration files, document processing model files, document processing template files, script/style/structure files, DPM has limited/no documentation for it's API, however there are rich examples of how to use DPM through each of the repositories listed herein. Use Recourse as a primary example of how to utilize DPM. Notice the Recourse Demonstrament DPM Configuration file `/demonstrament/dpm.config.documents.js`. `documents.config` identifies files with document piler ability. Notice the Recourse Demonstrament Documents `/demonstrament/documents/$document.js` configuration file, which contains further details about piling document system files. Furthermore notice regular ejs, js, json, scss files - these are editable files referenced by the piler configuration. Demonstrament document editing is distributed to a static (hidden) localhost folder. Support materials for te document system are contained. | E13: https://grok.com/share/c2hhcmQtNQ_91d9ac6e-cd1f-4e2b-8f65-e6bdbc0ad3fd | F13: recourse-coutility@outlook.com | G13: Grok | H13: 46080
