Workbook

Sheet INDEX
A1: SYN | B1: Syntax Tables
A2: Tab | B2: Tab Title | C2: Tab Link | D2: Reference
A3: ='SYN.4'!A1 -> SYN.4 | B3: ='SYN.4'!$B$1 -> Common Technical & Geometry Symbols | C3: ⇒ | D3: ='SYN.4'!$C$1 -> https://share.google/aimode/EpC23H71D4cadeSMq https://chatgpt.com/share/69a8a6f5-b3ac-8001-9226-f4744ea53557
A4: ='SYN.3'!A1 -> SYN.3 | B4: ='SYN.3'!$B$1 -> JS Reserved Keywords | C4: ⇒ | D4: ='SYN.3'!$C$1 -> https://chatgpt.com/share/69a4fa8f-0f94-800a-a0c8-8d07d686f960
A5: ='SYN.2'!A1 -> SYN.2 | B5: ='SYN.2'!$B$1 -> CMOS/APA Syntax | C5: ⇒ | D5: ='SYN.2'!$C$1 -> https://chatgpt.com/s/t_69a3519d455081918ed19ad4c0100b7a
A6: ='SYN.1'!A1 -> SYN.1 | B6: ='SYN.1'!$B$1 -> Markdown Syntax | C6: ⇒ | D6: ='SYN.1'!$C$1 -> https://chatgpt.com/s/t_69a350583ad081918c6bdf5a01bfd874
A7: ='SYN.0'!A1 -> SYN.0 | B7: ='SYN.0'!$B$1 -> Editing & Proofreading Syntax | C7: ⇒ | D7: ='SYN.0'!$C$1 -> https://chatgpt.com/s/t_69a34fcea4148191ba756d83a844a0f9

Sheet SYN.4
A1: SYN.4 | B1: Common Technical & Geometry Symbols | C1: https://share.google/aimode/EpC23H71D4cadeSMq https://chatgpt.com/share/69a8a6f5-b3ac-8001-9226-f4744ea53557
A2: ID | B2: SYNID | C2: Symbol | D2: Unicode | E2: Name | F2: Primary Technical Use
A3: 0 | B3: =_xlfn.CONCAT($A$1, ".", $A3) -> SYN.4.0 | C3: ⌖ | D3: U+2316 | E3: Position Indicator | F3: Absolute Position: The exact "True Position" in GD&T or a GPS center point.
A4: 1 | B4: =_xlfn.CONCAT($A$1, ".", $A4) -> SYN.4.1 | C4: ⌀ | D4: U+2300 | E4: Diameter | F4: Form: Indicates a cylindrical tolerance zone or circular dimension.
A5: 2 | B5: =_xlfn.CONCAT($A$1, ".", $A5) -> SYN.4.2 | C5: ∥ | D5: U+2225 | E5: Parallelism | F5: Relative Orientation: A feature must remain equidistant from a datum.
A6: 3 | B6: =_xlfn.CONCAT($A$1, ".", $A6) -> SYN.4.3 | C6: ⟂ | D6: U+27C2 | E6: Perpendicularity | F6: Relative Orientation: A feature must be at a precise 90° to a datum.
A7: 4 | B7: =_xlfn.CONCAT($A$1, ".", $A7) -> SYN.4.4 | C7: ⌗ | D7: U+2317 | E7: View Finder | F7: Scope: Defines the "Field of View" or the active boundary of observation.
A8: 5 | B8: =_xlfn.CONCAT($A$1, ".", $A8) -> SYN.4.5 | C8: ⛶ | D8: U+26F6 | E8: Square Four Corners | F8: Scope: Represents a defined region, frame, or "All-Around" area on a map.
A9: 6 | B9: =_xlfn.CONCAT($A$1, ".", $A9) -> SYN.4.6 | C9: ⦗ ⦘ | D9: U+2997/8 | E9: Binding Brackets | F9: Scope: Used in formal logic to "bind" or group a set of parameters together.
A10: 7 | B10: =_xlfn.CONCAT($A$1, ".", $A10) -> SYN.4.7 | C10: ′ | D10: U+2032 | E10: Prime (Single) | F10: Ordinality: Represents the "First" variation () or minutes of an arc.
A11: 8 | B11: =_xlfn.CONCAT($A$1, ".", $A11) -> SYN.4.8 | C11: ″ | D11: U+2033 | E11: Double Prime | F11: Ordinality: Represents the "Second" variation () or seconds of an arc.
A12: 9 | B12: =_xlfn.CONCAT($A$1, ".", $A12) -> SYN.4.9 | C12: ⁗ | D12: U+2057 | E12: Quadruple Prime | F12: Ordinality: Represents the fourth position or derivative in a sequence.
A13: 10 | B13: =_xlfn.CONCAT($A$1, ".", $A13) -> SYN.4.10 | C13: ⊚ | D13: U+229A | E13: Circled Ring | F13: Ordinality: Often marks a specific "Station" or ranked node in a system diagram.
A14: 11 | B14: =_xlfn.CONCAT($A$1, ".", $A14) -> SYN.4.11 | C14: ⬚ | D14: U+2B1A | E14: Dotted Square | F14: Sub-scope: Indicates a placeholder or a nested "module" within a larger frame.
... A18: 15 | B18: =_xlfn.CONCAT($A$1, ".", $A18) -> SYN.4.15 | C18: ◬ | D18: U+25EC | E18: White Up Pointing Triangle | F18: Waypoint: In navigation, marks a relative point of interest or triangulation station.
A19: 16 | B19: =_xlfn.CONCAT($A$1, ".", $A19) -> SYN.4.16 | C19: → | D19: U+2192 | E19: Rightwards Arrow
A20: 17 | B20: =_xlfn.CONCAT($A$1, ".", $A20) -> SYN.4.17 | C20: ← | D20: U+2190 | E20: Leftwards Arrow
A21: 18 | B21: =_xlfn.CONCAT($A$1, ".", $A21) -> SYN.4.18 | C21: ↑ | D21: U+2191 | E21: Upwards Arrow
A22: 19 | B22: =_xlfn.CONCAT($A$1, ".", $A22) -> SYN.4.19 | C22: ↓ | D22: U+2193 | E22: Downwards Arrow
A23: 20 | B23: =_xlfn.CONCAT($A$1, ".", $A23) -> SYN.4.20 | C23: ↔ | D23: U+2194 | E23: Left Right Arrow
A24: 21 | B24: =_xlfn.CONCAT($A$1, ".", $A24) -> SYN.4.21 | C24: ↕ | D24: U+2195 | E24: Up Down Arrow
A25: 22 | B25: =_xlfn.CONCAT($A$1, ".", $A25) -> SYN.4.22 | C25: ⇄ | D25: U+21C4 | E25: Rightwards Arrow Over Leftwards Arrow
A26: 23 | B26: =_xlfn.CONCAT($A$1, ".", $A26) -> SYN.4.23 | C26: ⇅ | D26: U+21C5 | E26: Upwards Arrow Leftwards of Downwards Arrow
A27: 24 | B27: =_xlfn.CONCAT($A$1, ".", $A27) -> SYN.4.24 | C27: ↦ | D27: U+21A6 | E27: Rightwards Arrow from Bar
A28: 25 | B28: =_xlfn.CONCAT($A$1, ".", $A28) -> SYN.4.25 | C28: ↤ | D28: U+21A4 | E28: Leftwards Arrow from Bar
A29: 26 | B29: =_xlfn.CONCAT($A$1, ".", $A29) -> SYN.4.26 | C29: ↥ | D29: U+21A5 | E29: Upwards Arrow from Bar
A30: 27 | B30: =_xlfn.CONCAT($A$1, ".", $A30) -> SYN.4.27 | C30: ↧ | D30: U+21A7 | E30: Downwards Arrow from Bar
... A67: 64 | B67: =_xlfn.CONCAT($A$1, ".", $A67) -> SYN.4.64 | C67: ⇔ | D67: U+21D4 | E67: Left Right Double Arrow

Sheet SYN.3
A1: SYN.3 | B1: JS Reserved Keywords | C1: https://chatgpt.com/share/69a4fa8f-0f94-800a-a0c8-8d07d686f960
A2: ID | B2: SYNID | C2: Word | D2: Class | E2: Notes / Context
A3: 0 | B3: =_xlfn.CONCAT($A$1, ".", $A3) -> SYN.3.0 | C3: break | D3: Reserved | E3: Loop / switch control
A4: 1 | B4: =_xlfn.CONCAT($A$1, ".", $A4) -> SYN.3.1 | C4: case | D4: Reserved | E4: Switch branch
A5: 2 | B5: =_xlfn.CONCAT($A$1, ".", $A5) -> SYN.3.2 | C5: catch | D5: Reserved | E5: Exception handling
A6: 3 | B6: =_xlfn.CONCAT($A$1, ".", $A6) -> SYN.3.3 | C6: class | D6: Reserved | E6: Class declaration
A7: 4 | B7: =_xlfn.CONCAT($A$1, ".", $A7) -> SYN.3.4 | C7: const | D7: Reserved | E7: Immutable binding
A8: 5 | B8: =_xlfn.CONCAT($A$1, ".", $A8) -> SYN.3.5 | C8: continue | D8: Reserved | E8: Loop control
A9: 6 | B9: =_xlfn.CONCAT($A$1, ".", $A9) -> SYN.3.6 | C9: debugger | D9: Reserved | E9: Debug breakpoint
A10: 7 | B10: =_xlfn.CONCAT($A$1, ".", $A10) -> SYN.3.7 | C10: default | D10: Reserved | E10: Switch fallback
A11: 8 | B11: =_xlfn.CONCAT($A$1, ".", $A11) -> SYN.3.8 | C11: delete | D11: Reserved | E11: Property removal operator
A12: 9 | B12: =_xlfn.CONCAT($A$1, ".", $A12) -> SYN.3.9 | C12: do | D12: Reserved | E12: Do-while loop
A13: 10 | B13: =_xlfn.CONCAT($A$1, ".", $A13) -> SYN.3.10 | C13: else | D13: Reserved | E13: Conditional branch
A14: 11 | B14: =_xlfn.CONCAT($A$1, ".", $A14) -> SYN.3.11 | C14: export | D14: Reserved | E14: Module export
... A56: 53 | B56: =_xlfn.CONCAT($A$1, ".", $A56) -> SYN.3.53 | C56: meta | D56: Contextual Keyword | E56: import.meta meta-property

Sheet SYN.2
A1: SYN.2 | B1: CMOS/APA Syntax | C1: https://chatgpt.com/s/t_69a3519d455081918ed19ad4c0100b7a
A2: ID | B2: SYNID | C2: Syntax | D2: Name | E2: Meaning / Instruction
A3: 0 | B3: =_xlfn.CONCAT($A$1, ".", $A3) -> SYN.2.0 | C3: ^ | D3: Caret | E3: Insert missing letter, word, or punctuation.
A4: 1 | B4: =_xlfn.CONCAT($A$1, ".", $A4) -> SYN.2.1 | C4: q | D4: Close Up | E4: Remove space between characters or words.
A5: 2 | B5: =_xlfn.CONCAT($A$1, ".", $A5) -> SYN.2.2 | C5: # | D5: Insert Space | E5: Add a space.
A6: 3 | B6: =_xlfn.CONCAT($A$1, ".", $A6) -> SYN.2.3 | C6: ¶ | D6: New Paragraph | E6: Begin a new paragraph.
A7: 4 | B7: =_xlfn.CONCAT($A$1, ".", $A7) -> SYN.2.4 | C7: no ¶ | D7: No Paragraph | E7: Remove paragraph break.
A8: 5 | B8: =_xlfn.CONCAT($A$1, ".", $A8) -> SYN.2.5 | C8: ⌫ | D8: Delete | E8: Remove letter, word, punctuation, or space.
A9: 6 | B9: =_xlfn.CONCAT($A$1, ".", $A9) -> SYN.2.6 | C9: stet | D9: Stet | E9: Ignore marked correction; let original stand.
A10: 7 | B10: =_xlfn.CONCAT($A$1, ".", $A10) -> SYN.2.7 | C10: tr | D10: Transpose | E10: Reverse order of letters, words, or phrases.
A11: 8 | B11: =_xlfn.CONCAT($A$1, ".", $A11) -> SYN.2.8 | C11: lc | D11: Lowercase | E11: Change to lowercase.
A12: 9 | B12: =_xlfn.CONCAT($A$1, ".", $A12) -> SYN.2.9 | C12: caps | D12: Capitalize | E12: Change to capital letter.
A13: 10 | B13: =_xlfn.CONCAT($A$1, ".", $A13) -> SYN.2.10 | C13: sm caps | D13: Small Capitals | E13: Set text in small caps.
A14: 11 | B14: =_xlfn.CONCAT($A$1, ".", $A14) -> SYN.2.11 | C14: ital | D14: Italic | E14: Set in italics.
... A32: 29 | B32: =_xlfn.CONCAT($A$1, ".", $A32) -> SYN.2.29 | C32: center | D32: Center | E32: Center text.

Sheet SYN.1
A1: SYN.1 | B1: Markdown Syntax | C1: https://chatgpt.com/s/t_69a350583ad081918c6bdf5a01bfd874
A2: ID | B2: SYNID | C2: Syntax | D2: Name | E2: Description / Use
A3: 0 | B3: =_xlfn.CONCAT($A$1, ".", $A3) -> SYN.1.0 | C3: # | D3: Heading Level 1 Marker | E3: Used at start of line for H1 heading.
A4: 1 | B4: =_xlfn.CONCAT($A$1, ".", $A4) -> SYN.1.1 | C4: ## | D4: Heading Level 2 Marker | E4: Used at start of line for H2 heading.
A5: 2 | B5: =_xlfn.CONCAT($A$1, ".", $A5) -> SYN.1.2 | C5: ### | D5: Heading Level 3 Marker | E5: Used at start of line for H3 heading.
A6: 3 | B6: =_xlfn.CONCAT($A$1, ".", $A6) -> SYN.1.3 | C6: #### | D6: Heading Level 4 Marker | E6: Used at start of line for H4 heading.
A7: 4 | B7: =_xlfn.CONCAT($A$1, ".", $A7) -> SYN.1.4 | C7: ##### | D7: Heading Level 5 Marker | E7: Used at start of line for H5 heading.
A8: 5 | B8: =_xlfn.CONCAT($A$1, ".", $A8) -> SYN.1.5 | C8: ###### | D8: Heading Level 6 Marker | E8: Used at start of line for H6 heading.
A9: 6 | B9: =_xlfn.CONCAT($A$1, ".", $A9) -> SYN.1.6 | C9: * | D9: Asterisk | E9: Italic marker or unordered list bullet.
A10: 7 | B10: =_xlfn.CONCAT($A$1, ".", $A10) -> SYN.1.7 | C10: _ | D10: Underscore | E10: Italic marker (alternate).
A11: 8 | B11: =_xlfn.CONCAT($A$1, ".", $A11) -> SYN.1.8 | C11: ** | D11: Double Asterisk | E11: Bold marker.
A12: 9 | B12: =_xlfn.CONCAT($A$1, ".", $A12) -> SYN.1.9 | C12: __ | D12: Double Underscore | E12: Bold marker (alternate).
A13: 10 | B13: =_xlfn.CONCAT($A$1, ".", $A13) -> SYN.1.10 | C13: *** | D13: Triple Asterisk | E13: Bold + Italic combined.
A14: 11 | B14: =_xlfn.CONCAT($A$1, ".", $A14) -> SYN.1.11 | C14: ___ | D14: Triple Underscore | E14: Bold + Italic combined (alternate).
... A21: 18 | B21: =_xlfn.CONCAT($A$1, ".", $A21) -> SYN.1.18 | C21: + | D21: Plus Sign | E21: Unordered list bullet.
A22: 19 | B22: =_xlfn.CONCAT($A$1, ".", $A22) -> SYN.1.19 | C22: 1 | D22: Number + Period | E22: Ordered list item marker.
A23: 20 | B23: =_xlfn.CONCAT($A$1, ".", $A23) -> SYN.1.20 | C23: --- | D23: Three Hyphens | E23: Horizontal rule.
A24: 21 | B24: =_xlfn.CONCAT($A$1, ".", $A24) -> SYN.1.21 | C24: *** | D24: Three Asterisks | E24: Horizontal rule (alternate).
A25: 22 | B25: =_xlfn.CONCAT($A$1, ".", $A25) -> SYN.1.22 | C25: ___ | D25: Three Underscores | E25: Horizontal rule (alternate).
A26: 23 | B26: =_xlfn.CONCAT($A$1, ".", $A26) -> SYN.1.23 | C26: [ ] | D26: Brackets | E26: Link text container.
A27: 24 | B27: =_xlfn.CONCAT($A$1, ".", $A27) -> SYN.1.24 | C27: ( ) | D27: Parentheses | E27: Link URL container.
A28: 25 | B28: =_xlfn.CONCAT($A$1, ".", $A28) -> SYN.1.25 | C28: [text](url) | D28: Inline Link | E28: Creates hyperlink.
A29: 26 | B29: =_xlfn.CONCAT($A$1, ".", $A29) -> SYN.1.26 | C29: ![ ] | D29: Image Marker | E29: Indicates image syntax.
A30: 27 | B30: =_xlfn.CONCAT($A$1, ".", $A30) -> SYN.1.27 | C30: ![alt](url) | D30: Inline Image | E30: Embeds image.
A31: 28 | B31: =_xlfn.CONCAT($A$1, ".", $A31) -> SYN.1.28 | C31: [id]: url | D31: Reference Definition | E31: Defines reference link target.
A32: 29 | B32: =_xlfn.CONCAT($A$1, ".", $A32) -> SYN.1.29 | C32: ` | D32: ` | E32: Pipe
A33: 30 | B33: =_xlfn.CONCAT($A$1, ".", $A33) -> SYN.1.30 | C33: ` | D33: --- | E33: `
A34: 31 | B34: =_xlfn.CONCAT($A$1, ".", $A34) -> SYN.1.31 | C34: : | D34: Colon | E34: Table alignment indicator.
... A50: 47 | B50: =_xlfn.CONCAT($A$1, ".", $A50) -> SYN.1.47 | C50: ^ | D50: Caret (Superscript) | E50: Superscript (extended Markdown).

Sheet SYN.0
A1: SYN.0 | B1: Editing & Proofreading Syntax | C1: https://chatgpt.com/s/t_69a34fcea4148191ba756d83a844a0f9
A2: ID | B2: SYNID | C2: Syntax | D2: Name | E2: Description
A3: 0 | B3: =_xlfn.CONCAT($A$1, ".", $A3) -> SYN.0.0 | C3: ^ | D3: Caret | E3: Insert missing text at this position.
A4: 1 | B4: =_xlfn.CONCAT($A$1, ".", $A4) -> SYN.0.1 | C4: ⌒ | D4: Close Up | E4: Remove space between characters or words.
A5: 2 | B5: =_xlfn.CONCAT($A$1, ".", $A5) -> SYN.0.2 | C5: # | D5: Insert Space | E5: Add a space between characters or words.
A6: 3 | B6: =_xlfn.CONCAT($A$1, ".", $A6) -> SYN.0.3 | C6: ¶ | D6: Pilcrow | E6: Start a new paragraph here.
A7: 4 | B7: =_xlfn.CONCAT($A$1, ".", $A7) -> SYN.0.4 | C7: no ¶ | D7: No Paragraph | E7: Do not start a new paragraph.
A8: 5 | B8: =_xlfn.CONCAT($A$1, ".", $A8) -> SYN.0.5 | C8: stet | D8: Stet | E8: Let the original text stand (ignore previous edit).
A9: 6 | B9: =_xlfn.CONCAT($A$1, ".", $A9) -> SYN.0.6 | C9: ⌫ | D9: Delete Mark | E9: Remove letter, word, or punctuation.
A10: 7 | B10: =_xlfn.CONCAT($A$1, ".", $A10) -> SYN.0.7 | C10: ⌦ | D10: Delete | E10: Delete element (alternate form).
A11: 8 | B11: =_xlfn.CONCAT($A$1, ".", $A11) -> SYN.0.8 | C11: ~~~ | D11: Delete Line | E11: Strike through text to remove it.
A12: 9 | B12: =_xlfn.CONCAT($A$1, ".", $A12) -> SYN.0.9 | C12: / | D12: Separate | E12: Break into two words.
A13: 10 | B13: =_xlfn.CONCAT($A$1, ".", $A13) -> SYN.0.10 | C13: ⧺ | D13: Join | E13: Join separated words.
A14: 11 | B14: =_xlfn.CONCAT($A$1, ".", $A14) -> SYN.0.11 | C14: lc | D14: Lowercase | E14: Change letter(s) to lowercase.
... A26: 23 | B26: =_xlfn.CONCAT($A$1, ".", $A26) -> SYN.0.23 | C26: run-on | D26: Run-on Sentence | E26: Sentence improperly joined.

Sheet Sheet7
C3: Symbol | D3: Structural Meaning
C4: ⊢ | D4: horizontal index boundary
C5: ⊣ | D5: vertical index boundary
C6: ⊠ | D6: coordinate intersection
C7: ⋮ | D7: hierarchical depth
C8: ∙ | D8: atomic statement node
C9: ⧉ | D9: scoped structural node
